<?xml version="1.0" encoding="UTF-8"?>
<document signature="Icon Index">
  <icons>
    <icon name="aberration" group="type" summary="Aberration - has bizarre anatomy, strange abilities, and/or an alien mindset" iconindex="1">
      <images>
        <image filename="aberration-icon.png" folder="images" resolution="high"/>
        <image filename="aberration-icon_sm.png" folder="images" resolution="low"/>
        </images>
      </icon>
    <icon name="animal" group="type" summary="Animal - living nonhuman creature, usually vertebrate, no magic, no language or culture" iconindex="2">
      <images>
        <image filename="animal-icon.png" folder="images" resolution="high"/>
        <image filename="animal-icon_sm.png" folder="images" resolution="low"/>
        </images>
      </icon>
    <icon name="construct" group="type" summary="Construct - animated object or artificial creature" iconindex="3">
      <images>
        <image filename="construct-icon.png" folder="images" resolution="high"/>
        <image filename="construct-icon_sm.png" folder="images" resolution="low"/>
        </images>
      </icon>
    <icon name="dragon" group="type" summary="Dragon - reptile like, usually winged, with magical or unusual abilities" iconindex="4">
      <images>
        <image filename="dragon-icon.png" folder="images" resolution="high"/>
        <image filename="dragon-icon_sm.png" folder="images" resolution="low"/>
        </images>
      </icon>
    <icon name="fey" group="type" summary="Fey - creature with supernatural abilities which has connection to nature or some force or place" iconindex="5">
      <images>
        <image filename="fey-icon.png" folder="images" resolution="high"/>
        <image filename="fey-icon_sm.png" folder="images" resolution="low"/>
        </images>
      </icon>
    <icon name="humanoid" group="type" summary="Humanoid - human-like body and appendages, few or no supernatural/extraordinary abilities" iconindex="6">
      <images>
        <image filename="humanoid-icon.png" folder="images" resolution="high"/>
        <image filename="humanoid-icon_sm.png" folder="images" resolution="low"/>
        </images>
      </icon>
    <icon name="magical beast" group="type" summary="Magical Beast - similar to animals but with intelligence > 2, usually has supernatural/extraordinary abilities" iconindex="7">
      <images>
        <image filename="magical beast-icon.png" folder="images" resolution="high"/>
        <image filename="magical beast-icon_sm.png" folder="images" resolution="low"/>
        </images>
      </icon>
    <icon name="monstrous humanoid" group="type" summary="Monstrous Humanoid - similar to humanoid but with monstrous/animalistic features " iconindex="8">
      <images>
        <image filename="monstrous humanoid-icon.png" folder="images" resolution="high"/>
        <image filename="monstrous huminoid-icon_sm.png" folder="images" resolution="low"/>
        </images>
      </icon>
    <icon name="ooze" group="type" summary="Ooze - amorphous or mutable creature, usually mindless" iconindex="9">
      <images>
        <image filename="ooze-icon.png" folder="images" resolution="high"/>
        <image filename="ooze-icon_sm.png" folder="images" resolution="low"/>
        </images>
      </icon>
    <icon name="outsider" group="type" summary="Outsider - partially composed of the essence of some plane other than the Material Plane" iconindex="10">
      <images>
        <image filename="outsider-icon.png" folder="images" resolution="high"/>
        <image filename="outsider-icon_sm.png" folder="images" resolution="low"/>
        </images>
      </icon>
    <icon name="plant" group="type" summary="Plant - vegetable creatures" iconindex="11">
      <images>
        <image filename="plant-icon.png" folder="images" resolution="high"/>
        <image filename="plant-icon_sm.png" folder="images" resolution="low"/>
        </images>
      </icon>
    <icon name="undead" group="type" summary="Undead - once-living creatures animated by spiritual or supernatural forces" iconindex="12">
      <images>
        <image filename="undead-icon.png" folder="images" resolution="high"/>
        <image filename="undead-icon_sm.png" folder="images" resolution="low"/>
        </images>
      </icon>
    <icon name="vermin" group="type" summary="Vermin - insects, arachnids, other arthropods, worms, and similar invertebrates" iconindex="13">
      <images>
        <image filename="vermin-icon.png" folder="images" resolution="high"/>
        <image filename="vermin-icon_sm.png" folder="images" resolution="low"/>
        </images>
      </icon>
    <icon name="desert" group="terrain" summary="Desert" iconindex="21">
      <images>
        <image filename="desert-icon.png" folder="images" resolution="high"/>
        <image filename="desert-icon_sm.png" folder="images" resolution="low"/>
        </images>
      </icon>
    <icon name="forest" group="terrain" summary="Forest" iconindex="22">
      <images>
        <image filename="forest-icon.png" folder="images" resolution="high"/>
        <image filename="forest-icon_sm.png" folder="images" resolution="low"/>
        </images>
      </icon>
    <icon name="hill" group="terrain" summary="Hill" iconindex="23">
      <images>
        <image filename="hill-icon.png" folder="images" resolution="high"/>
        <image filename="hill-icon_sm.png" folder="images" resolution="low"/>
        </images>
      </icon>
    <icon name="mountain" group="terrain" summary="Mountain" iconindex="24">
      <images>
        <image filename="mountain-icon.png" folder="images" resolution="high"/>
        <image filename="mountain-icon_sm.png" folder="images" resolution="low"/>
        </images>
      </icon>
    <icon name="plain" group="terrain" summary="Plain" iconindex="25">
      <images>
        <image filename="plain-icon.png" folder="images" resolution="high"/>
        <image filename="plain-icon_sm.png" folder="images" resolution="low"/>
        </images>
      </icon>
    <icon name="ruin" group="terrain" summary="Ruin" iconindex="26">
      <images>
        <image filename="ruin-icon.png" folder="images" resolution="high"/>
        <image filename="ruin-icon_sm.png" folder="images" resolution="low"/>
        </images>
      </icon>
    <icon name="sky" group="terrain" summary="Sky" iconindex="27">
      <images>
        <image filename="sky-icon.png" folder="images" resolution="high"/>
        <image filename="sky-icon_sm.png" folder="images" resolution="low"/>
        </images>
      </icon>
    <icon name="swamp" group="terrain" summary="Swamp" iconindex="28">
      <images>
        <image filename="swamp-icon.png" folder="images" resolution="high"/>
        <image filename="swamp-icon_sm.png" folder="images" resolution="low"/>
        </images>
      </icon>
    <icon name="underground" group="terrain" summary="Underground" iconindex="29">
      <images>
        <image filename="underground-icon.png" folder="images" resolution="high"/>
        <image filename="underground-icon_sm.png" folder="images" resolution="low"/>
        </images>
      </icon>
    <icon name="urban" group="terrain" summary="Urban" iconindex="30">
      <images>
        <image filename="urban-icon.png" folder="images" resolution="high"/>
        <image filename="urban-icon_sm.png" folder="images" resolution="low"/>
        </images>
      </icon>
    <icon name="water" group="terrain" summary="Water" iconindex="31">
      <images>
        <image filename="water-icon.png" folder="images" resolution="high"/>
        <image filename="water-icon_sm.png" folder="images" resolution="low"/>
        </images>
      </icon>
    <icon name="air" group="terrain" summary="Air" iconindex="32">
      <images>
        <image filename="sky-icon.png" folder="images" resolution="high"/>
        <image filename="sky-icon_sm.png" folder="images" resolution="low"/>
        </images>
      </icon>
    <icon name="any" group="terrain" summary="Anywhere" iconindex="33">
      <images>
        <image filename="any-icon.png" folder="images" resolution="high"/>
        <image filename="any-icon_sm.png" folder="images" resolution="low"/>
        </images>
      </icon>
    <icon name="ocean" group="terrain" summary="Ocean" iconindex="34">
      <images>
        <image filename="water-icon.png" folder="images" resolution="high"/>
        <image filename="water-icon_sm.png" folder="images" resolution="low"/>
        </images>
      </icon>
    <icon name="coastline" group="terrain" summary="Coastline" iconindex="35">
      <images>
        <image filename="water-icon.png" folder="images" resolution="high"/>
        <image filename="water-icon_sm.png" folder="images" resolution="low"/>
        </images>
      </icon>
    <icon name="river" group="terrain" summary="River" iconindex="36">
      <images>
        <image filename="water-icon.png" folder="images" resolution="high"/>
        <image filename="water-icon_sm.png" folder="images" resolution="low"/>
        </images>
      </icon>
    <icon name="lake" group="terrain" summary="Lake" iconindex="37">
      <images>
        <image filename="water-icon.png" folder="images" resolution="high"/>
        <image filename="water-icon_sm.png" folder="images" resolution="low"/>
        </images>
      </icon>
    <icon name="sea" group="terrain" summary="Sea" iconindex="38">
      <images>
        <image filename="water-icon.png" folder="images" resolution="high"/>
        <image filename="water-icon_sm.png" folder="images" resolution="low"/>
        </images>
      </icon>
    <icon name="aquatic" group="terrain" summary="Aquatic" iconindex="39">
      <images>
        <image filename="water-icon.png" folder="images" resolution="high"/>
        <image filename="water-icon_sm.png" folder="images" resolution="low"/>
        </images>
      </icon>
    <icon name="marsh" group="terrain" summary="Marsh" iconindex="40">
      <images>
        <image filename="swamp-icon.png" folder="images" resolution="high"/>
        <image filename="swamp-icon_sm.png" folder="images" resolution="low"/>
        </images>
      </icon>
    <icon name="cold" group="climate" summary="Cold" iconindex="51">
      <images>
        <image filename="cold-icon.png" folder="images" resolution="high"/>
        <image filename="cold-icon_sm.png" folder="images" resolution="low"/>
        </images>
      </icon>
    <icon name="extraplaner" group="climate" summary="Extraplaner" iconindex="52">
      <images>
        <image filename="extraplaner-icon.png" folder="images" resolution="high"/>
        <image filename="extraplaner-icon_sm.png" folder="images" resolution="low"/>
        </images>
      </icon>
    <icon name="temperate" group="climate" summary="Temperate" iconindex="53">
      <images>
        <image filename="temperate-icon.png" folder="images" resolution="high"/>
        <image filename="temperate-icon_sm.png" folder="images" resolution="low"/>
        </images>
      </icon>
    <icon name="tropical" group="climate" summary="Tropical" iconindex="54">
      <images>
        <image filename="tropical-icon.png" folder="images" resolution="high"/>
        <image filename="tropical-icon_sm.png" folder="images" resolution="low"/>
        </images>
      </icon>
    <icon name="hot" group="climate" summary="Hot" iconindex="55">
      <images>
        <image filename="tropical-icon.png" folder="images" resolution="high"/>
        <image filename="tropical-icon_sm.png" folder="images" resolution="low"/>
        </images>
      </icon>
    <icon name="warm" group="climate" summary="Warm" iconindex="56">
      <images>
        <image filename="tropical-icon.png" folder="images" resolution="high"/>
        <image filename="tropical-icon_sm.png" folder="images" resolution="low"/>
        </images>
      </icon>
    <icon name="plane" group="climate" summary="Extraplaner" iconindex="57">
      <images>
        <image filename="extraplaner-icon.png" folder="images" resolution="high"/>
        <image filename="extraplaner-icon_sm.png" folder="images" resolution="low"/>
        </images>
      </icon>
    <icon name="world" group="climate" summary="The First World" iconindex="58">
      <images>
        <image filename="extraplaner-icon.png" folder="images" resolution="high"/>
        <image filename="extraplaner-icon_sm.png" folder="images" resolution="low"/>
        </images>
      </icon>
    <icon name="abaddon" group="climate" summary="Abaddon" iconindex="59">
      <images>
        <image filename="extraplaner-icon.png" folder="images" resolution="high"/>
        <image filename="extraplaner-icon_sm.png" folder="images" resolution="low"/>
        </images>
      </icon>
    <icon name="abyss" group="climate" summary="The Abyss" iconindex="60">
      <images>
        <image filename="extraplaner-icon.png" folder="images" resolution="high"/>
        <image filename="extraplaner-icon_sm.png" folder="images" resolution="low"/>
        </images>
      </icon>
    <icon name="axis" group="climate" summary="Axis" iconindex="61">
      <images>
        <image filename="extraplaner-icon.png" folder="images" resolution="high"/>
        <image filename="extraplaner-icon_sm.png" folder="images" resolution="low"/>
        </images>
      </icon>
    <icon name="boneyard" group="climate" summary="The Boneyard" iconindex="62">
      <images>
        <image filename="extraplaner-icon.png" folder="images" resolution="high"/>
        <image filename="extraplaner-icon_sm.png" folder="images" resolution="low"/>
        </images>
      </icon>
    <icon name="elysium" group="climate" summary="Elysium" iconindex="63">
      <images>
        <image filename="extraplaner-icon.png" folder="images" resolution="high"/>
        <image filename="extraplaner-icon_sm.png" folder="images" resolution="low"/>
        </images>
      </icon>
    <icon name="heaven" group="climate" summary="Heaven" iconindex="64">
      <images>
        <image filename="extraplaner-icon.png" folder="images" resolution="high"/>
        <image filename="extraplaner-icon_sm.png" folder="images" resolution="low"/>
        </images>
      </icon>
    <icon name="hell" group="climate" summary="Hell" iconindex="65">
      <images>
        <image filename="extraplaner-icon.png" folder="images" resolution="high"/>
        <image filename="extraplaner-icon_sm.png" folder="images" resolution="low"/>
        </images>
      </icon>
    <icon name="maelstrom" group="climate" summary="The Maelstrom" iconindex="66">
      <images>
        <image filename="extraplaner-icon.png" folder="images" resolution="high"/>
        <image filename="extraplaner-icon_sm.png" folder="images" resolution="low"/>
        </images>
      </icon>
    <icon name="nirvana" group="climate" summary="Nirvana" iconindex="67">
      <images>
        <image filename="extraplaner-icon.png" folder="images" resolution="high"/>
        <image filename="extraplaner-icon_sm.png" folder="images" resolution="low"/>
        </images>
      </icon>
    <icon name="vault" group="climate" summary="The Dead Vault" iconindex="68">
      <images>
        <image filename="extraplaner-icon.png" folder="images" resolution="high"/>
        <image filename="extraplaner-icon_sm.png" folder="images" resolution="low"/>
        </images>
      </icon>
    <icon name="dimension" group="climate" summary="Dimension" iconindex="69">
      <images>
        <image filename="extraplaner-icon.png" folder="images" resolution="high"/>
        <image filename="extraplaner-icon_sm.png" folder="images" resolution="low"/>
        </images>
      </icon>
    <icon name="ambulatory" group="climate" summary="The Immortal Ambulatory" iconindex="71">
      <images>
        <image filename="extraplaner-icon.png" folder="images" resolution="high"/>
        <image filename="extraplaner-icon_sm.png" folder="images" resolution="low"/>
        </images>
      </icon>
    <icon name="leng" group="climate" summary="Leng" iconindex="72">
      <images>
        <image filename="extraplaner-icon.png" folder="images" resolution="high"/>
        <image filename="extraplaner-icon_sm.png" folder="images" resolution="low"/>
        </images>
      </icon>
    <icon name="any" group="climate" summary="Any" iconindex="73">
      <images>
        <image filename="none-icon.png" folder="images" resolution="high"/>
        <image filename="none-icon_sm.png" folder="images" resolution="low"/>
        </images>
      </icon>
    </icons>
  </document>
